ID Documento;ID Siniestro;Tipo Documento;Nombre Archivo PDF
DOC-0001;SIN-0001;Fotografías del daño;
DOC-0002;SIN-0001;Denuncia policial;
DOC-0003;SIN-0001;Factura de reparación;
DOC-0004;SIN-0002;Fotografías;
DOC-0005;SIN-0002;Informe técnico;
DOC-0006;SIN-0003;Peritaje;
DOC-0007;SIN-0003;Fotografías del daño;
DOC-0008;SIN-0003;Denuncia policial;
DOC-0009;SIN-0004;Factura de reparación;
DOC-0010;SIN-0004;Peritaje;
DOC-0011;SIN-0004;Fotografías del daño;
DOC-0012;SIN-0005;Parte Policial;PP_SIN-0005_DOC-0012.pdf
DOC-0013;SIN-0005;Fotografías del daño;
DOC-0014;SIN-0005;Factura de reparación;
DOC-0015;SIN-0006;Parte policial;
DOC-0016;SIN-0006;Denuncia policial;
DOC-0017;SIN-0006;Peritaje;
DOC-0018;SIN-0007;Factura de reparación;
DOC-0019;SIN-0007;Denuncia policial;
DOC-0020;SIN-0008;Peritaje;
DOC-0021;SIN-0008;Parte policial;
DOC-0022;SIN-0009;Fotografías del daño;
DOC-0023;SIN-0009;Peritaje;
DOC-0024;SIN-0009;Factura de reparación;
DOC-0025;SIN-0010;Peritaje;
DOC-0026;SIN-0010;Parte policial;
DOC-0027;SIN-0011;Denuncia policial;
DOC-0028;SIN-0011;Informe técnico;
DOC-0029;SIN-0012;Informe técnico;
DOC-0030;SIN-0012;Factura de reparación;
DOC-0031;SIN-0013;Peritaje;
DOC-0032;SIN-0013;Factura de reparación;
DOC-0033;SIN-0014;Denuncia policial;
DOC-0034;SIN-0014;Fotografías del daño;
DOC-0035;SIN-0015;Factura hospitalaria;
DOC-0036;SIN-0015;Orden médica;
DOC-0037;SIN-0016;Denuncia policial;
DOC-0038;SIN-0016;Factura de reparación;
DOC-0039;SIN-0016;Fotografías del daño;
DOC-0040;SIN-0017;Denuncia policial;
DOC-0041;SIN-0017;Factura de reparación;
DOC-0042;SIN-0017;Informe técnico;
DOC-0043;SIN-0018;Denuncia policial;
DOC-0044;SIN-0018;Parte policial;
DOC-0045;SIN-0018;Factura de reparación;
DOC-0046;SIN-0019;Parte policial;
DOC-0047;SIN-0019;Factura de reparación;
DOC-0048;SIN-0019;Peritaje;
DOC-0049;SIN-0020;Factura de reparación;
DOC-0050;SIN-0020;Fotografías del daño;
DOC-0051;SIN-0021;Historia clínica;
DOC-0052;SIN-0021;Exámenes;
DOC-0053;SIN-0021;Orden médica;
DOC-0054;SIN-0022;Parte Policial;PP_SIN-0022_DOC-0054.pdf
DOC-0055;SIN-0022;Peritaje;
DOC-0056;SIN-0022;Factura de reparación;
DOC-0057;SIN-0023;Parte policial;
DOC-0058;SIN-0023;Peritaje;
DOC-0059;SIN-0024;Informe técnico;
DOC-0060;SIN-0024;Factura de reparación;
DOC-0061;SIN-0025;Fotografías del daño;
DOC-0062;SIN-0025;Parte policial;
DOC-0063;SIN-0026;Exámenes;
DOC-0064;SIN-0026;Historia clínica;
DOC-0065;SIN-0026;Orden médica;
DOC-0066;SIN-0027;Denuncia policial;
DOC-0067;SIN-0027;Factura de reparación;
DOC-0068;SIN-0028;Factura de reparación;
DOC-0069;SIN-0028;Parte policial;
DOC-0070;SIN-0029;Fotografías del daño;
DOC-0071;SIN-0029;Factura de reparación;
DOC-0072;SIN-0030;Fotografías del daño;
DOC-0073;SIN-0030;Peritaje;
DOC-0074;SIN-0031;Parte policial;
DOC-0075;SIN-0031;Fotografías del daño;
DOC-0076;SIN-0032;Factura de reparación;
DOC-0077;SIN-0032;Fotografías del daño;
DOC-0078;SIN-0033;Fotografías del daño;
DOC-0079;SIN-0033;Peritaje;
DOC-0080;SIN-0033;Factura de reparación;
DOC-0081;SIN-0034;Parte policial;
DOC-0082;SIN-0034;Denuncia policial;
DOC-0083;SIN-0035;Parte policial;
DOC-0084;SIN-0035;Denuncia policial;
DOC-0085;SIN-0036;Parte policial;
DOC-0086;SIN-0036;Fotografías del daño;
DOC-0087;SIN-0036;Denuncia policial;
DOC-0088;SIN-0037;Factura de reparación;
DOC-0089;SIN-0037;Denuncia policial;
DOC-0090;SIN-0038;Denuncia policial;
DOC-0091;SIN-0038;Parte policial;
DOC-0092;SIN-0038;Factura de reparación;
DOC-0093;SIN-0039;Parte policial;
DOC-0094;SIN-0039;Fotografías del daño;
DOC-0095;SIN-0039;Denuncia policial;
DOC-0096;SIN-0040;Factura de reparación;
DOC-0097;SIN-0040;Parte Policial;PP_SIN-0040_DOC-0097.pdf
DOC-0098;SIN-0041;Informe técnico;
DOC-0099;SIN-0041;Denuncia policial;
DOC-0100;SIN-0042;Denuncia policial;
DOC-0101;SIN-0042;Peritaje;
DOC-0102;SIN-0042;Fotografías del daño;
DOC-0103;SIN-0043;Parte policial;
DOC-0104;SIN-0043;Fotografías del daño;
DOC-0105;SIN-0044;Parte policial;
DOC-0106;SIN-0044;Denuncia policial;
DOC-0107;SIN-0044;Fotografías del daño;
DOC-0108;SIN-0045;Informe técnico;
DOC-0109;SIN-0045;Factura de reparación;
DOC-0110;SIN-0046;Factura de reparación;
DOC-0111;SIN-0046;Fotografías del daño;
DOC-0112;SIN-0046;Denuncia policial;
DOC-0113;SIN-0047;Fotografías del daño;
DOC-0114;SIN-0047;Denuncia policial;
DOC-0115;SIN-0048;Fotografías del daño;
DOC-0116;SIN-0048;Parte policial;
DOC-0117;SIN-0049;Factura de reparación;
DOC-0118;SIN-0049;Parte policial;
DOC-0119;SIN-0050;Factura de reparación;
DOC-0120;SIN-0050;Fotografías del daño;
DOC-0121;SIN-0051;Parte policial;
DOC-0122;SIN-0051;Peritaje;
DOC-0123;SIN-0052;Factura de reparación;
DOC-0124;SIN-0052;Fotografías del daño;
DOC-0125;SIN-0052;Denuncia policial;
DOC-0126;SIN-0053;Factura hospitalaria;
DOC-0127;SIN-0053;Orden médica;
DOC-0128;SIN-0053;Exámenes;
DOC-0129;SIN-0054;Peritaje;
DOC-0130;SIN-0054;Fotografías del daño;
DOC-0131;SIN-0055;Factura de reparación;
DOC-0132;SIN-0055;Fotografías del daño;
DOC-0133;SIN-0056;Denuncia policial;
DOC-0134;SIN-0056;Parte policial;
DOC-0135;SIN-0056;Peritaje;
DOC-0136;SIN-0057;Denuncia policial;
DOC-0137;SIN-0057;Peritaje;
DOC-0138;SIN-0058;Factura de reparación;
DOC-0139;SIN-0058;Parte policial;
DOC-0140;SIN-0059;Factura de reparación;
DOC-0141;SIN-0059;Fotografías del daño;
DOC-0142;SIN-0059;Parte policial;
DOC-0143;SIN-0060;Informe técnico;
DOC-0144;SIN-0060;Denuncia policial;
DOC-0145;SIN-0060;Factura de reparación;
DOC-0146;SIN-0061;Denuncia policial;
DOC-0147;SIN-0061;Factura de reparación;
DOC-0148;SIN-0061;Parte policial;
DOC-0149;SIN-0062;Fotografías;
DOC-0150;SIN-0062;Factura de reparación;
DOC-0151;SIN-0063;Factura de reparación;
DOC-0152;SIN-0063;Peritaje;
DOC-0153;SIN-0063;Denuncia policial;
DOC-0154;SIN-0064;Peritaje;
DOC-0155;SIN-0064;Factura de reparación;
DOC-0156;SIN-0064;Fotografías del daño;
DOC-0157;SIN-0065;Denuncia policial;
DOC-0158;SIN-0065;Parte policial;
DOC-0159;SIN-0066;Denuncia policial;
DOC-0160;SIN-0066;Parte policial;
DOC-0161;SIN-0067;Parte policial;
DOC-0162;SIN-0067;Denuncia policial;
DOC-0163;SIN-0067;Peritaje;
DOC-0164;SIN-0068;Fotografías del daño;
DOC-0165;SIN-0068;Parte policial;
DOC-0166;SIN-0069;Denuncia policial;
DOC-0167;SIN-0069;Fotografías;
DOC-0168;SIN-0070;Historia clínica;
DOC-0169;SIN-0070;Orden médica;
DOC-0170;SIN-0071;Peritaje;
DOC-0171;SIN-0071;Parte policial;
DOC-0172;SIN-0071;Factura de reparación;
DOC-0173;SIN-0072;Factura hospitalaria;
DOC-0174;SIN-0072;Historia clínica;
DOC-0175;SIN-0073;Parte policial;
DOC-0176;SIN-0073;Denuncia policial;
DOC-0177;SIN-0073;Fotografías del daño;
DOC-0178;SIN-0074;Denuncia policial;
DOC-0179;SIN-0074;Factura de reparación;
DOC-0180;SIN-0074;Fotografías del daño;
DOC-0181;SIN-0075;Informe técnico;
DOC-0182;SIN-0075;Factura de reparación;
DOC-0183;SIN-0075;Denuncia policial;
DOC-0184;SIN-0076;Fotografías;
DOC-0185;SIN-0076;Informe técnico;
DOC-0186;SIN-0076;Factura de reparación;
DOC-0187;SIN-0077;Parte policial;
DOC-0188;SIN-0077;Peritaje;
DOC-0189;SIN-0077;Denuncia policial;
DOC-0190;SIN-0078;Peritaje;
DOC-0191;SIN-0078;Parte policial;
DOC-0192;SIN-0078;Factura de reparación;
DOC-0193;SIN-0079;Factura de reparación;
DOC-0194;SIN-0079;Peritaje;
DOC-0195;SIN-0079;Parte policial;
DOC-0196;SIN-0080;Factura de reparación;
DOC-0197;SIN-0080;Fotografías del daño;
DOC-0198;SIN-0081;Fotografías del daño;
DOC-0199;SIN-0081;Denuncia policial;
DOC-0200;SIN-0082;Parte policial;
DOC-0201;SIN-0082;Factura de reparación;
DOC-0202;SIN-0082;Denuncia policial;
DOC-0203;SIN-0083;Factura hospitalaria;
DOC-0204;SIN-0083;Exámenes;
DOC-0205;SIN-0084;Factura de reparación;
DOC-0206;SIN-0084;Peritaje;
DOC-0207;SIN-0084;Fotografías del daño;
DOC-0208;SIN-0085;Denuncia policial;
DOC-0209;SIN-0085;Factura de reparación;
DOC-0210;SIN-0086;Informe técnico;
DOC-0211;SIN-0086;Denuncia policial;
DOC-0212;SIN-0086;Fotografías;
DOC-0213;SIN-0087;Fotografías del daño;
DOC-0214;SIN-0087;Denuncia policial;
DOC-0215;SIN-0088;Peritaje;
DOC-0216;SIN-0088;Fotografías del daño;
DOC-0217;SIN-0088;Factura de reparación;
DOC-0218;SIN-0089;Informe técnico;
DOC-0219;SIN-0089;Fotografías;
DOC-0220;SIN-0089;Denuncia policial;
DOC-0221;SIN-0090;Denuncia policial;
DOC-0222;SIN-0090;Peritaje;
DOC-0223;SIN-0090;Fotografías del daño;
DOC-0224;SIN-0091;Denuncia policial;
DOC-0225;SIN-0091;Peritaje;
DOC-0226;SIN-0091;Fotografías del daño;
DOC-0227;SIN-0092;Fotografías del daño;
DOC-0228;SIN-0092;Factura de reparación;
DOC-0229;SIN-0093;Factura de reparación;
DOC-0230;SIN-0093;Peritaje;
DOC-0231;SIN-0093;Fotografías del daño;
DOC-0232;SIN-0094;Factura de reparación;
DOC-0233;SIN-0094;Peritaje;
DOC-0234;SIN-0095;Denuncia policial;
DOC-0235;SIN-0095;Fotografías del daño;
DOC-0236;SIN-0095;Parte policial;
DOC-0237;SIN-0096;Fotografías del daño;
DOC-0238;SIN-0096;Factura de reparación;
DOC-0239;SIN-0097;Parte policial;
DOC-0240;SIN-0097;Peritaje;
DOC-0241;SIN-0098;Informe técnico;
DOC-0242;SIN-0098;Factura de reparación;
DOC-0243;SIN-0099;Fotografías;
DOC-0244;SIN-0099;Denuncia policial;
DOC-0245;SIN-0100;Denuncia policial;
DOC-0246;SIN-0100;Factura de reparación;
DOC-0247;SIN-0101;Denuncia policial;
DOC-0248;SIN-0101;Peritaje;
DOC-0249;SIN-0102;Informe técnico;
DOC-0250;SIN-0102;Factura de reparación;
DOC-0251;SIN-0102;Denuncia policial;
DOC-0252;SIN-0103;Peritaje;
DOC-0253;SIN-0103;Factura de reparación;
DOC-0254;SIN-0104;Fotografías;
DOC-0255;SIN-0104;Informe técnico;
DOC-0256;SIN-0105;Parte policial;
DOC-0257;SIN-0105;Fotografías del daño;
DOC-0258;SIN-0106;Fotografías del daño;
DOC-0259;SIN-0106;Factura de reparación;
DOC-0260;SIN-0107;Denuncia policial;
DOC-0261;SIN-0107;Factura de reparación;
DOC-0262;SIN-0108;Factura de reparación;
DOC-0263;SIN-0108;Informe técnico;
DOC-0264;SIN-0109;Fotografías del daño;
DOC-0265;SIN-0109;Parte policial;
DOC-0266;SIN-0110;Peritaje;
DOC-0267;SIN-0110;Fotografías del daño;
DOC-0268;SIN-0110;Factura de reparación;
DOC-0269;SIN-0111;Fotografías del daño;
DOC-0270;SIN-0111;Factura de reparación;
DOC-0271;SIN-0111;Denuncia policial;
DOC-0272;SIN-0112;Denuncia policial;
DOC-0273;SIN-0112;Factura de reparación;
DOC-0274;SIN-0112;Informe técnico;
DOC-0275;SIN-0113;Denuncia policial;
DOC-0276;SIN-0113;Peritaje;
DOC-0277;SIN-0113;Fotografías del daño;
DOC-0278;SIN-0114;Parte policial;
DOC-0279;SIN-0114;Factura de reparación;
DOC-0280;SIN-0114;Denuncia policial;
DOC-0281;SIN-0115;Peritaje;
DOC-0282;SIN-0115;Denuncia policial;
DOC-0283;SIN-0115;Factura de reparación;
DOC-0284;SIN-0116;Historia clínica;
DOC-0285;SIN-0116;Orden médica;
DOC-0286;SIN-0116;Factura hospitalaria;
DOC-0287;SIN-0117;Denuncia policial;
DOC-0288;SIN-0117;Factura de reparación;
DOC-0289;SIN-0117;Fotografías;
DOC-0290;SIN-0118;Parte policial;
DOC-0291;SIN-0118;Factura de reparación;
DOC-0292;SIN-0118;Fotografías del daño;
DOC-0293;SIN-0119;Parte policial;
DOC-0294;SIN-0119;Factura de reparación;
DOC-0295;SIN-0120;Denuncia policial;
DOC-0296;SIN-0120;Parte Policial;PP_SIN-0120_DOC-0296.pdf
DOC-0297;SIN-0121;Factura de reparación;
DOC-0298;SIN-0121;Fotografías del daño;
DOC-0299;SIN-0122;Fotografías del daño;
DOC-0300;SIN-0122;Factura de reparación;
DOC-0301;SIN-0122;Parte policial;
DOC-0302;SIN-0123;Historia clínica;
DOC-0303;SIN-0123;Exámenes;
DOC-0304;SIN-0124;Parte policial;
DOC-0305;SIN-0124;Fotografías del daño;
DOC-0306;SIN-0124;Denuncia policial;
DOC-0307;SIN-0125;Parte policial;
DOC-0308;SIN-0125;Factura de reparación;
DOC-0309;SIN-0126;Denuncia policial;
DOC-0310;SIN-0126;Informe técnico;
DOC-0311;SIN-0126;Factura de reparación;
DOC-0312;SIN-0127;Parte policial;
DOC-0313;SIN-0127;Peritaje;
DOC-0314;SIN-0127;Factura de reparación;
DOC-0315;SIN-0128;Fotografías del daño;
DOC-0316;SIN-0128;Factura de reparación;
DOC-0317;SIN-0128;Peritaje;
DOC-0318;SIN-0129;Fotografías del daño;
DOC-0319;SIN-0129;Parte policial;
DOC-0320;SIN-0129;Peritaje;
DOC-0321;SIN-0130;Parte policial;
DOC-0322;SIN-0130;Fotografías del daño;
DOC-0323;SIN-0130;Denuncia policial;
DOC-0324;SIN-0131;Denuncia policial;
DOC-0325;SIN-0131;Peritaje;
DOC-0326;SIN-0132;Denuncia policial;
DOC-0327;SIN-0132;Fotografías del daño;
DOC-0328;SIN-0133;Denuncia policial;
DOC-0329;SIN-0133;Factura de reparación;
DOC-0330;SIN-0134;Historia clínica;
DOC-0331;SIN-0134;Orden médica;
DOC-0332;SIN-0135;Peritaje;
DOC-0333;SIN-0135;Fotografías del daño;
DOC-0334;SIN-0135;Parte policial;
DOC-0335;SIN-0136;Parte policial;
DOC-0336;SIN-0136;Denuncia policial;
DOC-0337;SIN-0137;Fotografías del daño;
DOC-0338;SIN-0137;Parte policial;
DOC-0339;SIN-0137;Peritaje;
DOC-0340;SIN-0138;Fotografías del daño;
DOC-0341;SIN-0138;Denuncia policial;
DOC-0342;SIN-0138;Factura de reparación;
DOC-0343;SIN-0139;Denuncia policial;
DOC-0344;SIN-0139;Fotografías;
DOC-0345;SIN-0139;Informe técnico;
DOC-0346;SIN-0140;Historia clínica;
DOC-0347;SIN-0140;Exámenes;
DOC-0348;SIN-0141;Denuncia policial;
DOC-0349;SIN-0141;Parte policial;
DOC-0350;SIN-0142;Exámenes;
DOC-0351;SIN-0142;Historia clínica;
DOC-0352;SIN-0143;Parte policial;
DOC-0353;SIN-0143;Factura de reparación;
DOC-0354;SIN-0143;Peritaje;
DOC-0355;SIN-0144;Peritaje;
DOC-0356;SIN-0144;Fotografías del daño;
DOC-0357;SIN-0144;Parte policial;
DOC-0358;SIN-0145;Peritaje;
DOC-0359;SIN-0145;Factura de reparación;
DOC-0360;SIN-0145;Fotografías del daño;
DOC-0361;SIN-0146;Fotografías del daño;
DOC-0362;SIN-0146;Denuncia policial;
DOC-0363;SIN-0147;Denuncia policial;
DOC-0364;SIN-0147;Informe técnico;
DOC-0365;SIN-0148;Peritaje;
DOC-0366;SIN-0148;Denuncia policial;
DOC-0367;SIN-0149;Peritaje;
DOC-0368;SIN-0149;Fotografías del daño;
DOC-0369;SIN-0149;Denuncia policial;
DOC-0370;SIN-0150;Orden médica;
DOC-0371;SIN-0150;Exámenes;
DOC-0372;SIN-0150;Factura hospitalaria;
DOC-0373;SIN-0151;Parte policial;
DOC-0374;SIN-0151;Fotografías del daño;
DOC-0375;SIN-0152;Factura de reparación;
DOC-0376;SIN-0152;Parte policial;
DOC-0377;SIN-0153;Denuncia policial;
DOC-0378;SIN-0153;Informe técnico;
DOC-0379;SIN-0153;Fotografías;
DOC-0380;SIN-0154;Fotografías del daño;
DOC-0381;SIN-0154;Peritaje;
DOC-0382;SIN-0155;Factura de reparación;
DOC-0383;SIN-0155;Peritaje;
DOC-0384;SIN-0155;Denuncia policial;
DOC-0385;SIN-0156;Historia clínica;
DOC-0386;SIN-0156;Orden médica;
DOC-0387;SIN-0156;Exámenes;
DOC-0388;SIN-0157;Factura de reparación;
DOC-0389;SIN-0157;Fotografías del daño;
DOC-0390;SIN-0157;Parte policial;
DOC-0391;SIN-0158;Denuncia policial;
DOC-0392;SIN-0158;Fotografías del daño;
DOC-0393;SIN-0158;Factura de reparación;
DOC-0394;SIN-0159;Orden médica;
DOC-0395;SIN-0159;Historia clínica;
DOC-0396;SIN-0159;Exámenes;
DOC-0397;SIN-0160;Factura de reparación;
DOC-0398;SIN-0160;Parte policial;
DOC-0399;SIN-0160;Fotografías del daño;
DOC-0400;SIN-0161;Denuncia policial;
DOC-0401;SIN-0161;Peritaje;
DOC-0402;SIN-0161;Parte policial;
DOC-0403;SIN-0162;Peritaje;
DOC-0404;SIN-0162;Parte policial;
DOC-0405;SIN-0163;Denuncia policial;
DOC-0406;SIN-0163;Fotografías del daño;
DOC-0407;SIN-0163;Peritaje;
DOC-0408;SIN-0164;Fotografías del daño;
DOC-0409;SIN-0164;Peritaje;
DOC-0410;SIN-0165;Parte policial;
DOC-0411;SIN-0165;Denuncia policial;
DOC-0412;SIN-0166;Peritaje;
DOC-0413;SIN-0166;Factura de reparación;
DOC-0414;SIN-0167;Peritaje;
DOC-0415;SIN-0167;Factura de reparación;
DOC-0416;SIN-0168;Denuncia policial;
DOC-0417;SIN-0168;Parte policial;
DOC-0418;SIN-0168;Peritaje;
DOC-0419;SIN-0169;Fotografías;
DOC-0420;SIN-0169;Factura de reparación;
DOC-0421;SIN-0170;Denuncia policial;
DOC-0422;SIN-0170;Informe técnico;
DOC-0423;SIN-0171;Fotografías del daño;
DOC-0424;SIN-0171;Factura de reparación;
DOC-0425;SIN-0172;Fotografías del daño;
DOC-0426;SIN-0172;Factura de reparación;
DOC-0427;SIN-0173;Factura de reparación;
DOC-0428;SIN-0173;Denuncia policial;
DOC-0429;SIN-0174;Factura de reparación;
DOC-0430;SIN-0174;Fotografías del daño;
DOC-0431;SIN-0175;Factura de reparación;
DOC-0432;SIN-0175;Fotografías del daño;
DOC-0433;SIN-0176;Factura de reparación;
DOC-0434;SIN-0176;Parte policial;
DOC-0435;SIN-0176;Fotografías del daño;
DOC-0436;SIN-0177;Fotografías del daño;
DOC-0437;SIN-0177;Parte policial;
DOC-0438;SIN-0177;Factura de reparación;
DOC-0439;SIN-0178;Factura de reparación;
DOC-0440;SIN-0178;Peritaje;
DOC-0441;SIN-0178;Parte policial;
DOC-0442;SIN-0179;Informe técnico;
DOC-0443;SIN-0179;Fotografías;
DOC-0444;SIN-0179;Denuncia policial;
DOC-0445;SIN-0180;Historia clínica;
DOC-0446;SIN-0180;Factura hospitalaria;
DOC-0447;SIN-0180;Exámenes;
DOC-0448;SIN-0181;Fotografías del daño;
DOC-0449;SIN-0181;Factura de reparación;
DOC-0450;SIN-0182;Denuncia policial;
DOC-0451;SIN-0182;Peritaje;
DOC-0452;SIN-0183;Denuncia policial;
DOC-0453;SIN-0183;Fotografías del daño;
DOC-0454;SIN-0183;Peritaje;
DOC-0455;SIN-0184;Orden médica;
DOC-0456;SIN-0184;Historia clínica;
DOC-0457;SIN-0184;Exámenes;
DOC-0458;SIN-0185;Factura de reparación;
DOC-0459;SIN-0185;Informe técnico;
DOC-0460;SIN-0186;Parte policial;
DOC-0461;SIN-0186;Factura de reparación;
DOC-0462;SIN-0187;Denuncia policial;
DOC-0463;SIN-0187;Peritaje;
DOC-0464;SIN-0187;Parte policial;
DOC-0465;SIN-0188;Orden médica;
DOC-0466;SIN-0188;Factura hospitalaria;
DOC-0467;SIN-0189;Denuncia policial;
DOC-0468;SIN-0189;Parte policial;
DOC-0469;SIN-0190;Parte policial;
DOC-0470;SIN-0190;Denuncia policial;
DOC-0471;SIN-0190;Peritaje;
DOC-0472;SIN-0191;Denuncia policial;
DOC-0473;SIN-0191;Peritaje;
DOC-0474;SIN-0192;Denuncia policial;
DOC-0475;SIN-0192;Fotografías del daño;
DOC-0476;SIN-0193;Denuncia policial;
DOC-0477;SIN-0193;Peritaje;
DOC-0478;SIN-0193;Factura de reparación;
DOC-0479;SIN-0194;Factura hospitalaria;
DOC-0480;SIN-0194;Orden médica;
DOC-0481;SIN-0195;Factura de reparación;
DOC-0482;SIN-0195;Parte policial;
DOC-0483;SIN-0195;Peritaje;
DOC-0484;SIN-0196;Fotografías del daño;
DOC-0485;SIN-0196;Denuncia policial;
DOC-0486;SIN-0196;Parte policial;
DOC-0487;SIN-0197;Factura de reparación;
DOC-0488;SIN-0197;Denuncia policial;
DOC-0489;SIN-0198;Denuncia policial;
DOC-0490;SIN-0198;Parte policial;
DOC-0491;SIN-0199;Fotografías del daño;
DOC-0492;SIN-0199;Factura de reparación;
DOC-0493;SIN-0200;Informe técnico;
DOC-0494;SIN-0200;Factura de reparación;
DOC-0495;SIN-0200;Fotografías;
DOC-0496;SIN-0201;Parte policial;
DOC-0497;SIN-0201;Fotografías del daño;
DOC-0498;SIN-0201;Denuncia policial;
DOC-0499;SIN-0202;Denuncia policial;
DOC-0500;SIN-0202;Parte policial;
DOC-0501;SIN-0202;Fotografías del daño;
DOC-0502;SIN-0203;Informe técnico;
DOC-0503;SIN-0203;Fotografías;
DOC-0504;SIN-0203;Factura de reparación;
DOC-0505;SIN-0204;Orden médica;
DOC-0506;SIN-0204;Historia clínica;
DOC-0507;SIN-0205;Parte policial;
DOC-0508;SIN-0205;Peritaje;
DOC-0509;SIN-0205;Fotografías del daño;
DOC-0510;SIN-0206;Historia clínica;
DOC-0511;SIN-0206;Orden médica;
DOC-0512;SIN-0207;Denuncia policial;
DOC-0513;SIN-0207;Factura de reparación;
DOC-0514;SIN-0207;Fotografías del daño;
DOC-0515;SIN-0208;Parte policial;
DOC-0516;SIN-0208;Peritaje;
DOC-0517;SIN-0208;Fotografías del daño;
DOC-0518;SIN-0209;Denuncia policial;
DOC-0519;SIN-0209;Parte policial;
DOC-0520;SIN-0210;Denuncia policial;
DOC-0521;SIN-0210;Peritaje;
DOC-0522;SIN-0210;Parte policial;
DOC-0523;SIN-0211;Informe técnico;
DOC-0524;SIN-0211;Denuncia policial;
DOC-0525;SIN-0211;Factura de reparación;
DOC-0526;SIN-0212;Informe técnico;
DOC-0527;SIN-0212;Factura de reparación;
DOC-0528;SIN-0213;Orden médica;
DOC-0529;SIN-0213;Exámenes;
DOC-0530;SIN-0213;Historia clínica;
DOC-0531;SIN-0214;Factura de reparación;
DOC-0532;SIN-0214;Peritaje;
DOC-0533;SIN-0215;Factura hospitalaria;
DOC-0534;SIN-0215;Exámenes;
DOC-0535;SIN-0215;Orden médica;
DOC-0536;SIN-0216;Factura de reparación;
DOC-0537;SIN-0216;Informe técnico;
DOC-0538;SIN-0217;Parte Policial;PP_SIN-0217_DOC-0538.pdf
DOC-0539;SIN-0217;Factura de reparación;
DOC-0540;SIN-0218;Orden médica;
DOC-0541;SIN-0218;Factura hospitalaria;
DOC-0542;SIN-0219;Exámenes;
DOC-0543;SIN-0219;Orden médica;
DOC-0544;SIN-0220;Denuncia policial;
DOC-0545;SIN-0220;Factura de reparación;
DOC-0546;SIN-0221;Factura de reparación;
DOC-0547;SIN-0221;Peritaje;
DOC-0548;SIN-0221;Fotografías del daño;
DOC-0549;SIN-0222;Factura hospitalaria;
DOC-0550;SIN-0222;Exámenes;
DOC-0551;SIN-0222;Historia clínica;
DOC-0552;SIN-0223;Fotografías del daño;
DOC-0553;SIN-0223;Peritaje;
DOC-0554;SIN-0223;Parte policial;
DOC-0555;SIN-0224;Denuncia policial;
DOC-0556;SIN-0224;Factura de reparación;
DOC-0557;SIN-0224;Informe técnico;
DOC-0558;SIN-0225;Peritaje;
DOC-0559;SIN-0225;Denuncia policial;
DOC-0560;SIN-0225;Parte policial;
DOC-0561;SIN-0226;Factura hospitalaria;
DOC-0562;SIN-0226;Orden médica;
DOC-0563;SIN-0226;Historia clínica;
DOC-0564;SIN-0227;Fotografías del daño;
DOC-0565;SIN-0227;Parte policial;
DOC-0566;SIN-0227;Factura de reparación;
DOC-0567;SIN-0228;Peritaje;
DOC-0568;SIN-0228;Denuncia policial;
DOC-0569;SIN-0229;Parte policial;
DOC-0570;SIN-0229;Factura de reparación;
DOC-0571;SIN-0229;Peritaje;
DOC-0572;SIN-0230;Factura hospitalaria;
DOC-0573;SIN-0230;Exámenes;
DOC-0574;SIN-0231;Exámenes;
DOC-0575;SIN-0231;Orden médica;
DOC-0576;SIN-0232;Informe técnico;
DOC-0577;SIN-0232;Denuncia policial;
DOC-0578;SIN-0232;Fotografías;
DOC-0579;SIN-0233;Fotografías del daño;
DOC-0580;SIN-0233;Peritaje;
DOC-0581;SIN-0233;Denuncia policial;
DOC-0582;SIN-0234;Informe técnico;
DOC-0583;SIN-0234;Denuncia policial;
DOC-0584;SIN-0234;Fotografías;
DOC-0585;SIN-0235;Peritaje;
DOC-0586;SIN-0235;Parte policial;
DOC-0587;SIN-0235;Factura de reparación;
DOC-0588;SIN-0236;Denuncia policial;
DOC-0589;SIN-0236;Factura de reparación;
DOC-0590;SIN-0237;Parte policial;
DOC-0591;SIN-0237;Factura de reparación;
DOC-0592;SIN-0237;Fotografías del daño;
DOC-0593;SIN-0238;Historia clínica;
DOC-0594;SIN-0238;Exámenes;
DOC-0595;SIN-0238;Orden médica;
DOC-0596;SIN-0239;Fotografías del daño;
DOC-0597;SIN-0239;Factura de reparación;
DOC-0598;SIN-0240;Denuncia policial;
DOC-0599;SIN-0240;Fotografías del daño;
DOC-0600;SIN-0241;Denuncia policial;
DOC-0601;SIN-0241;Fotografías;
DOC-0602;SIN-0242;Factura de reparación;
DOC-0603;SIN-0242;Peritaje;
DOC-0604;SIN-0242;Denuncia policial;
DOC-0605;SIN-0243;Peritaje;
DOC-0606;SIN-0243;Parte policial;
DOC-0607;SIN-0243;Denuncia policial;
DOC-0608;SIN-0244;Peritaje;
DOC-0609;SIN-0244;Factura de reparación;
DOC-0610;SIN-0244;Denuncia policial;
DOC-0611;SIN-0245;Factura de reparación;
DOC-0612;SIN-0245;Fotografías del daño;
DOC-0613;SIN-0245;Peritaje;
DOC-0614;SIN-0246;Factura de reparación;
DOC-0615;SIN-0246;Fotografías del daño;
DOC-0616;SIN-0246;Parte policial;
DOC-0617;SIN-0247;Peritaje;
DOC-0618;SIN-0247;Denuncia policial;
DOC-0619;SIN-0247;Fotografías del daño;
DOC-0620;SIN-0248;Orden médica;
DOC-0621;SIN-0248;Exámenes;
DOC-0622;SIN-0249;Fotografías del daño;
DOC-0623;SIN-0249;Denuncia policial;
DOC-0624;SIN-0249;Parte policial;
DOC-0625;SIN-0250;Factura de reparación;
DOC-0626;SIN-0250;Denuncia policial;
DOC-0627;SIN-0251;Peritaje;
DOC-0628;SIN-0251;Fotografías del daño;
DOC-0629;SIN-0252;Denuncia policial;
DOC-0630;SIN-0252;Fotografías;
DOC-0631;SIN-0253;Orden médica;
DOC-0632;SIN-0253;Exámenes;
DOC-0633;SIN-0254;Exámenes;
DOC-0634;SIN-0254;Orden médica;
DOC-0635;SIN-0255;Factura hospitalaria;
DOC-0636;SIN-0255;Historia clínica;
DOC-0637;SIN-0256;Peritaje;
DOC-0638;SIN-0256;Factura de reparación;
DOC-0639;SIN-0257;Parte policial;
DOC-0640;SIN-0257;Fotografías del daño;
DOC-0641;SIN-0258;Factura hospitalaria;
DOC-0642;SIN-0258;Orden médica;
DOC-0643;SIN-0259;Factura de reparación;
DOC-0644;SIN-0259;Parte policial;
DOC-0645;SIN-0260;Peritaje;
DOC-0646;SIN-0260;Denuncia policial;
DOC-0647;SIN-0261;Parte policial;
DOC-0648;SIN-0261;Denuncia policial;
DOC-0649;SIN-0261;Factura de reparación;
DOC-0650;SIN-0262;Informe técnico;
DOC-0651;SIN-0262;Factura de reparación;
DOC-0652;SIN-0262;Fotografías;
DOC-0653;SIN-0263;Peritaje;
DOC-0654;SIN-0263;Factura de reparación;
DOC-0655;SIN-0263;Denuncia policial;
DOC-0656;SIN-0264;Peritaje;
DOC-0657;SIN-0264;Factura de reparación;
DOC-0658;SIN-0264;Denuncia policial;
DOC-0659;SIN-0265;Parte policial;
DOC-0660;SIN-0265;Factura de reparación;
DOC-0661;SIN-0265;Denuncia policial;
DOC-0662;SIN-0266;Fotografías;
DOC-0663;SIN-0266;Informe técnico;
DOC-0664;SIN-0266;Factura de reparación;
DOC-0665;SIN-0267;Historia clínica;
DOC-0666;SIN-0267;Exámenes;
DOC-0667;SIN-0268;Denuncia policial;
DOC-0668;SIN-0268;Informe técnico;
DOC-0669;SIN-0268;Factura de reparación;
DOC-0670;SIN-0269;Factura de reparación;
DOC-0671;SIN-0269;Informe técnico;
DOC-0672;SIN-0269;Fotografías;
DOC-0673;SIN-0270;Factura de reparación;
DOC-0674;SIN-0270;Fotografías del daño;
DOC-0675;SIN-0270;Denuncia policial;
DOC-0676;SIN-0271;Factura de reparación;
DOC-0677;SIN-0271;Peritaje;
DOC-0678;SIN-0272;Denuncia policial;
DOC-0679;SIN-0272;Factura de reparación;
DOC-0680;SIN-0272;Fotografías del daño;
DOC-0681;SIN-0273;Parte policial;
DOC-0682;SIN-0273;Denuncia policial;
DOC-0683;SIN-0273;Fotografías del daño;
DOC-0684;SIN-0274;Informe técnico;
DOC-0685;SIN-0274;Fotografías;
DOC-0686;SIN-0274;Denuncia policial;
DOC-0687;SIN-0275;Peritaje;
DOC-0688;SIN-0275;Denuncia policial;
DOC-0689;SIN-0276;Fotografías del daño;
DOC-0690;SIN-0276;Factura de reparación;
DOC-0691;SIN-0277;Parte policial;
DOC-0692;SIN-0277;Denuncia policial;
DOC-0693;SIN-0277;Factura de reparación;
DOC-0694;SIN-0278;Parte policial;
DOC-0695;SIN-0278;Peritaje;
DOC-0696;SIN-0278;Denuncia policial;
DOC-0697;SIN-0279;Fotografías del daño;
DOC-0698;SIN-0279;Factura de reparación;
DOC-0699;SIN-0280;Factura de reparación;
DOC-0700;SIN-0280;Denuncia policial;
DOC-0701;SIN-0280;Fotografías;
DOC-0702;SIN-0281;Parte policial;
DOC-0703;SIN-0281;Factura de reparación;
DOC-0704;SIN-0282;Fotografías del daño;
DOC-0705;SIN-0282;Peritaje;
DOC-0706;SIN-0282;Denuncia policial;
DOC-0707;SIN-0283;Factura de reparación;
DOC-0708;SIN-0283;Parte policial;
DOC-0709;SIN-0283;Denuncia policial;
DOC-0710;SIN-0284;Informe técnico;
DOC-0711;SIN-0284;Fotografías;
DOC-0712;SIN-0284;Denuncia policial;
DOC-0713;SIN-0285;Parte policial;
DOC-0714;SIN-0285;Factura de reparación;
DOC-0715;SIN-0285;Denuncia policial;
DOC-0716;SIN-0286;Peritaje;
DOC-0717;SIN-0286;Fotografías del daño;
DOC-0718;SIN-0287;Factura de reparación;
DOC-0719;SIN-0287;Informe técnico;
DOC-0720;SIN-0287;Denuncia policial;
DOC-0721;SIN-0288;Parte policial;
DOC-0722;SIN-0288;Fotografías del daño;
DOC-0723;SIN-0288;Factura de reparación;
DOC-0724;SIN-0289;Parte policial;
DOC-0725;SIN-0289;Denuncia policial;
DOC-0726;SIN-0289;Factura de reparación;
DOC-0727;SIN-0290;Fotografías del daño;
DOC-0728;SIN-0290;Factura de reparación;
DOC-0729;SIN-0291;Peritaje;
DOC-0730;SIN-0291;Factura de reparación;
DOC-0731;SIN-0292;Peritaje;
DOC-0732;SIN-0292;Fotografías del daño;
DOC-0733;SIN-0292;Parte policial;
DOC-0734;SIN-0293;Fotografías del daño;
DOC-0735;SIN-0293;Peritaje;
DOC-0736;SIN-0293;Parte policial;
DOC-0737;SIN-0294;Informe técnico;
DOC-0738;SIN-0294;Denuncia policial;
DOC-0739;SIN-0294;Factura de reparación;
DOC-0740;SIN-0295;Denuncia policial;
DOC-0741;SIN-0295;Parte policial;
DOC-0742;SIN-0296;Denuncia policial;
DOC-0743;SIN-0296;Parte policial;
DOC-0744;SIN-0297;Factura de reparación;
DOC-0745;SIN-0297;Informe técnico;
DOC-0746;SIN-0298;Fotografías;
DOC-0747;SIN-0298;Factura de reparación;
DOC-0748;SIN-0299;Parte policial;
DOC-0749;SIN-0299;Peritaje;
DOC-0750;SIN-0299;Fotografías del daño;
DOC-0751;SIN-0300;Factura de reparación;
DOC-0752;SIN-0300;Peritaje;
DOC-0753;SIN-0300;Parte policial;
DOC-0754;SIN-0301;Denuncia policial;
DOC-0755;SIN-0301;Peritaje;
DOC-0756;SIN-0302;Parte policial;
DOC-0757;SIN-0302;Fotografías del daño;
DOC-0758;SIN-0302;Peritaje;
DOC-0759;SIN-0303;Denuncia policial;
DOC-0760;SIN-0303;Informe técnico;
DOC-0761;SIN-0304;Factura de reparación;
DOC-0762;SIN-0304;Denuncia policial;
DOC-0763;SIN-0304;Parte policial;
DOC-0764;SIN-0305;Fotografías del daño;
DOC-0765;SIN-0305;Factura de reparación;
DOC-0766;SIN-0305;Peritaje;
DOC-0767;SIN-0306;Peritaje;
DOC-0768;SIN-0306;Denuncia policial;
DOC-0769;SIN-0307;Fotografías del daño;
DOC-0770;SIN-0307;Parte policial;
DOC-0771;SIN-0308;Denuncia policial;
DOC-0772;SIN-0308;Parte policial;
DOC-0773;SIN-0309;Peritaje;
DOC-0774;SIN-0309;Denuncia policial;
DOC-0775;SIN-0309;Parte policial;
DOC-0776;SIN-0310;Denuncia policial;
DOC-0777;SIN-0310;Factura de reparación;
DOC-0778;SIN-0310;Parte policial;
DOC-0779;SIN-0311;Denuncia policial;
DOC-0780;SIN-0311;Peritaje;
DOC-0781;SIN-0312;Peritaje;
DOC-0782;SIN-0312;Fotografías del daño;
DOC-0783;SIN-0313;Factura de reparación;
DOC-0784;SIN-0313;Parte policial;
DOC-0785;SIN-0313;Denuncia policial;
DOC-0786;SIN-0314;Denuncia policial;
DOC-0787;SIN-0314;Factura de reparación;
DOC-0788;SIN-0314;Parte policial;
DOC-0789;SIN-0315;Exámenes;
DOC-0790;SIN-0315;Orden médica;
DOC-0791;SIN-0316;Informe técnico;
DOC-0792;SIN-0316;Denuncia policial;
DOC-0793;SIN-0317;Fotografías del daño;
DOC-0794;SIN-0317;Denuncia policial;
DOC-0795;SIN-0318;Denuncia policial;
DOC-0796;SIN-0318;Fotografías del daño;
DOC-0797;SIN-0318;Peritaje;
DOC-0798;SIN-0319;Peritaje;
DOC-0799;SIN-0319;Denuncia policial;
DOC-0800;SIN-0319;Factura de reparación;
DOC-0801;SIN-0320;Parte policial;
DOC-0802;SIN-0320;Factura de reparación;
DOC-0803;SIN-0320;Fotografías del daño;
DOC-0804;SIN-0321;Parte policial;
DOC-0805;SIN-0321;Peritaje;
DOC-0806;SIN-0321;Factura de reparación;
DOC-0807;SIN-0322;Denuncia policial;
DOC-0808;SIN-0322;Parte policial;
DOC-0809;SIN-0322;Factura de reparación;
DOC-0810;SIN-0323;Informe técnico;
DOC-0811;SIN-0323;Denuncia policial;
DOC-0812;SIN-0324;Peritaje;
DOC-0813;SIN-0324;Parte policial;
DOC-0814;SIN-0325;Factura hospitalaria;
DOC-0815;SIN-0325;Exámenes;
DOC-0816;SIN-0326;Fotografías del daño;
DOC-0817;SIN-0326;Denuncia policial;
DOC-0818;SIN-0327;Factura de reparación;
DOC-0819;SIN-0327;Denuncia policial;
DOC-0820;SIN-0327;Peritaje;
DOC-0821;SIN-0328;Fotografías;
DOC-0822;SIN-0328;Informe técnico;
DOC-0823;SIN-0329;Factura hospitalaria;
DOC-0824;SIN-0329;Orden médica;
DOC-0825;SIN-0329;Historia clínica;
DOC-0826;SIN-0330;Factura hospitalaria;
DOC-0827;SIN-0330;Exámenes;
DOC-0828;SIN-0331;Factura de reparación;
DOC-0829;SIN-0331;Fotografías del daño;
DOC-0830;SIN-0332;Factura de reparación;
DOC-0831;SIN-0332;Denuncia policial;
DOC-0832;SIN-0333;Historia clínica;
DOC-0833;SIN-0333;Orden médica;
DOC-0834;SIN-0333;Exámenes;
DOC-0835;SIN-0334;Fotografías del daño;
DOC-0836;SIN-0334;Denuncia policial;
DOC-0837;SIN-0334;Peritaje;
DOC-0838;SIN-0335;Parte policial;
DOC-0839;SIN-0335;Denuncia policial;
DOC-0840;SIN-0335;Fotografías del daño;
DOC-0841;SIN-0336;Parte policial;
DOC-0842;SIN-0336;Factura de reparación;
DOC-0843;SIN-0337;Denuncia policial;
DOC-0844;SIN-0337;Peritaje;
DOC-0845;SIN-0337;Parte policial;
DOC-0846;SIN-0338;Factura de reparación;
DOC-0847;SIN-0338;Peritaje;
DOC-0848;SIN-0338;Fotografías del daño;
DOC-0849;SIN-0339;Parte policial;
DOC-0850;SIN-0339;Denuncia policial;
DOC-0851;SIN-0340;Informe técnico;
DOC-0852;SIN-0340;Fotografías;
DOC-0853;SIN-0340;Factura de reparación;
DOC-0854;SIN-0341;Parte policial;
DOC-0855;SIN-0341;Peritaje;
DOC-0856;SIN-0341;Factura de reparación;
DOC-0857;SIN-0342;Parte policial;
DOC-0858;SIN-0342;Fotografías del daño;
DOC-0859;SIN-0343;Denuncia policial;
DOC-0860;SIN-0343;Parte policial;
DOC-0861;SIN-0343;Fotografías del daño;
DOC-0862;SIN-0344;Parte Policial;PP_SIN-0344_DOC-0862.pdf
DOC-0863;SIN-0344;Peritaje;
DOC-0864;SIN-0345;Historia clínica;
DOC-0865;SIN-0345;Factura hospitalaria;
DOC-0866;SIN-0345;Orden médica;
DOC-0867;SIN-0346;Orden médica;
DOC-0868;SIN-0346;Exámenes;
DOC-0869;SIN-0346;Factura hospitalaria;
DOC-0870;SIN-0347;Denuncia policial;
DOC-0871;SIN-0347;Factura de reparación;
DOC-0872;SIN-0347;Informe técnico;
DOC-0873;SIN-0348;Factura de reparación;
DOC-0874;SIN-0348;Peritaje;
DOC-0875;SIN-0349;Peritaje;
DOC-0876;SIN-0349;Denuncia policial;
DOC-0877;SIN-0349;Factura de reparación;
DOC-0878;SIN-0350;Factura de reparación;
DOC-0879;SIN-0350;Fotografías del daño;
DOC-0880;SIN-0350;Parte policial;
DOC-0881;SIN-0351;Peritaje;
DOC-0882;SIN-0351;Fotografías del daño;
DOC-0883;SIN-0351;Denuncia policial;
DOC-0884;SIN-0352;Factura de reparación;
DOC-0885;SIN-0352;Fotografías del daño;
DOC-0886;SIN-0352;Peritaje;
DOC-0887;SIN-0353;Parte policial;
DOC-0888;SIN-0353;Factura de reparación;
DOC-0889;SIN-0353;Denuncia policial;
DOC-0890;SIN-0354;Factura de reparación;
DOC-0891;SIN-0354;Parte policial;
DOC-0892;SIN-0355;Factura de reparación;
DOC-0893;SIN-0355;Informe técnico;
DOC-0894;SIN-0356;Informe técnico;
DOC-0895;SIN-0356;Factura de reparación;
DOC-0896;SIN-0357;Denuncia policial;
DOC-0897;SIN-0357;Peritaje;
DOC-0898;SIN-0357;Factura de reparación;
DOC-0899;SIN-0358;Peritaje;
DOC-0900;SIN-0358;Denuncia policial;
DOC-0901;SIN-0358;Factura de reparación;
DOC-0902;SIN-0359;Fotografías del daño;
DOC-0903;SIN-0359;Factura de reparación;
DOC-0904;SIN-0359;Denuncia policial;
DOC-0905;SIN-0360;Peritaje;
DOC-0906;SIN-0360;Fotografías del daño;
DOC-0907;SIN-0361;Peritaje;
DOC-0908;SIN-0361;Factura de reparación;
DOC-0909;SIN-0361;Parte policial;
DOC-0910;SIN-0362;Denuncia policial;
DOC-0911;SIN-0362;Factura de reparación;
DOC-0912;SIN-0363;Historia clínica;
DOC-0913;SIN-0363;Exámenes;
DOC-0914;SIN-0363;Orden médica;
DOC-0915;SIN-0364;Denuncia policial;
DOC-0916;SIN-0364;Fotografías del daño;
DOC-0917;SIN-0364;Parte policial;
DOC-0918;SIN-0365;Exámenes;
DOC-0919;SIN-0365;Orden médica;
DOC-0920;SIN-0365;Historia clínica;
DOC-0921;SIN-0366;Factura hospitalaria;
DOC-0922;SIN-0366;Orden médica;
DOC-0923;SIN-0366;Exámenes;
DOC-0924;SIN-0367;Peritaje;
DOC-0925;SIN-0367;Parte policial;
DOC-0926;SIN-0368;Fotografías del daño;
DOC-0927;SIN-0368;Parte policial;
DOC-0928;SIN-0369;Factura de reparación;
DOC-0929;SIN-0369;Parte policial;
DOC-0930;SIN-0370;Denuncia policial;
DOC-0931;SIN-0370;Peritaje;
DOC-0932;SIN-0370;Factura de reparación;
DOC-0933;SIN-0371;Parte policial;
DOC-0934;SIN-0371;Factura de reparación;
DOC-0935;SIN-0371;Fotografías del daño;
DOC-0936;SIN-0372;Peritaje;
DOC-0937;SIN-0372;Parte policial;
DOC-0938;SIN-0373;Informe técnico;
DOC-0939;SIN-0373;Fotografías;
DOC-0940;SIN-0373;Factura de reparación;
DOC-0941;SIN-0374;Factura de reparación;
DOC-0942;SIN-0374;Fotografías;
DOC-0943;SIN-0374;Informe técnico;
DOC-0944;SIN-0375;Informe técnico;
DOC-0945;SIN-0375;Fotografías;
DOC-0946;SIN-0376;Factura de reparación;
DOC-0947;SIN-0376;Peritaje;
DOC-0948;SIN-0377;Parte policial;
DOC-0949;SIN-0377;Denuncia policial;
DOC-0950;SIN-0378;Denuncia policial;
DOC-0951;SIN-0378;Parte policial;
DOC-0952;SIN-0378;Declaración de Accidente;DA_SIN-0378_DOC-0952.pdf
DOC-0953;SIN-0379;Parte policial;
DOC-0954;SIN-0379;Factura de reparación;
DOC-0955;SIN-0379;Peritaje;
DOC-0956;SIN-0380;Peritaje;
DOC-0957;SIN-0380;Parte policial;
DOC-0958;SIN-0381;Peritaje;
DOC-0959;SIN-0381;Fotografías del daño;
DOC-0960;SIN-0381;Denuncia policial;
DOC-0961;SIN-0382;Exámenes;
DOC-0962;SIN-0382;Factura hospitalaria;
DOC-0963;SIN-0382;Orden médica;
DOC-0964;SIN-0383;Peritaje;
DOC-0965;SIN-0383;Parte policial;
DOC-0966;SIN-0384;Factura de reparación;
DOC-0967;SIN-0384;Parte policial;
DOC-0968;SIN-0385;Denuncia policial;
DOC-0969;SIN-0385;Fotografías del daño;
DOC-0970;SIN-0386;Informe técnico;
DOC-0971;SIN-0386;Factura de reparación;
DOC-0972;SIN-0387;Historia clínica;
DOC-0973;SIN-0387;Orden médica;
DOC-0974;SIN-0387;Exámenes;
DOC-0975;SIN-0388;Fotografías del daño;
DOC-0976;SIN-0388;Denuncia policial;
DOC-0977;SIN-0388;Parte policial;
DOC-0978;SIN-0389;Fotografías;
DOC-0979;SIN-0389;Factura de reparación;
DOC-0980;SIN-0390;Factura hospitalaria;
DOC-0981;SIN-0390;Orden médica;
DOC-0982;SIN-0390;Exámenes;
DOC-0983;SIN-0391;Parte policial;
DOC-0984;SIN-0391;Denuncia policial;
DOC-0985;SIN-0391;Peritaje;
DOC-0986;SIN-0392;Orden médica;
DOC-0987;SIN-0392;Historia clínica;
DOC-0988;SIN-0393;Factura de reparación;
DOC-0989;SIN-0393;Peritaje;
DOC-0990;SIN-0393;Fotografías del daño;
DOC-0991;SIN-0394;Factura de reparación;
DOC-0992;SIN-0394;Informe técnico;
DOC-0993;SIN-0394;Denuncia policial;
DOC-0994;SIN-0395;Exámenes;
DOC-0995;SIN-0395;Orden médica;
DOC-0996;SIN-0396;Historia clínica;
DOC-0997;SIN-0396;Orden médica;
DOC-0998;SIN-0396;Exámenes;
DOC-0999;SIN-0397;Fotografías del daño;
DOC-1000;SIN-0397;Parte policial;
DOC-1001;SIN-0397;Peritaje;
DOC-1002;SIN-0398;Fotografías del daño;
DOC-1003;SIN-0398;Peritaje;
DOC-1004;SIN-0399;Denuncia policial;
DOC-1005;SIN-0399;Informe técnico;
DOC-1006;SIN-0400;Parte policial;
DOC-1007;SIN-0400;Peritaje;
DOC-1008;SIN-0401;Declaración de Accidente;DA_SIN-0401_DOC-1008.pdf
DOC-1009;SIN-0401;Peritaje;
DOC-1010;SIN-0402;Denuncia policial;
DOC-1011;SIN-0402;Parte policial;
DOC-1012;SIN-0403;Peritaje;
DOC-1013;SIN-0403;Parte policial;
DOC-1014;SIN-0404;Exámenes;
DOC-1015;SIN-0404;Factura hospitalaria;
DOC-1016;SIN-0404;Orden médica;
DOC-1017;SIN-0405;Fotografías del daño;
DOC-1018;SIN-0405;Peritaje;
DOC-1019;SIN-0405;Denuncia policial;
DOC-1020;SIN-0406;Denuncia policial;
DOC-1021;SIN-0406;Factura de reparación;
DOC-1022;SIN-0407;Denuncia policial;
DOC-1023;SIN-0407;Fotografías del daño;
DOC-1024;SIN-0408;Denuncia policial;
DOC-1025;SIN-0408;Peritaje;
DOC-1026;SIN-0408;Fotografías del daño;
DOC-1027;SIN-0409;Fotografías del daño;
DOC-1028;SIN-0409;Peritaje;
DOC-1029;SIN-0410;Denuncia policial;
DOC-1030;SIN-0410;Peritaje;
DOC-1031;SIN-0410;Fotografías del daño;
DOC-1032;SIN-0411;Peritaje;
DOC-1033;SIN-0411;Denuncia policial;
DOC-1034;SIN-0412;Fotografías del daño;
DOC-1035;SIN-0412;Peritaje;
DOC-1036;SIN-0413;Peritaje;
DOC-1037;SIN-0413;Denuncia policial;
DOC-1038;SIN-0413;Parte policial;
DOC-1039;SIN-0414;Orden médica;
DOC-1040;SIN-0414;Exámenes;
DOC-1041;SIN-0415;Factura hospitalaria;
DOC-1042;SIN-0415;Historia clínica;
DOC-1043;SIN-0415;Exámenes;
DOC-1044;SIN-0416;Factura de reparación;
DOC-1045;SIN-0416;Parte policial;
DOC-1046;SIN-0416;Peritaje;
DOC-1047;SIN-0417;Orden médica;
DOC-1048;SIN-0417;Historia clínica;
DOC-1049;SIN-0418;Factura hospitalaria;
DOC-1050;SIN-0418;Historia clínica;
DOC-1051;SIN-0419;Factura de reparación;
DOC-1052;SIN-0419;Peritaje;
DOC-1053;SIN-0420;Factura de reparación;
DOC-1054;SIN-0420;Denuncia policial;
DOC-1055;SIN-0421;Fotografías del daño;
DOC-1056;SIN-0421;Denuncia policial;
DOC-1057;SIN-0421;Factura de reparación;
DOC-1058;SIN-0422;Parte policial;
DOC-1059;SIN-0422;Peritaje;
DOC-1060;SIN-0422;Denuncia policial;
DOC-1061;SIN-0423;Denuncia policial;
DOC-1062;SIN-0423;Fotografías del daño;
DOC-1063;SIN-0423;Peritaje;
DOC-1064;SIN-0424;Fotografías del daño;
DOC-1065;SIN-0424;Parte policial;
DOC-1066;SIN-0424;Factura de reparación;
DOC-1067;SIN-0425;Factura de reparación;
DOC-1068;SIN-0425;Denuncia policial;
DOC-1069;SIN-0425;Fotografías;
DOC-1070;SIN-0426;Denuncia policial;
DOC-1071;SIN-0426;Factura de reparación;
DOC-1072;SIN-0427;Factura de reparación;
DOC-1073;SIN-0427;Declaración de Accidente;DA_SIN-0427_DOC-1073.pdf
DOC-1074;SIN-0428;Peritaje;
DOC-1075;SIN-0428;Parte policial;
DOC-1076;SIN-0428;Denuncia policial;
DOC-1077;SIN-0429;Factura de reparación;
DOC-1078;SIN-0429;Peritaje;
DOC-1079;SIN-0429;Denuncia policial;
DOC-1080;SIN-0430;Fotografías del daño;
DOC-1081;SIN-0430;Factura de reparación;
DOC-1082;SIN-0430;Denuncia policial;
DOC-1083;SIN-0431;Denuncia policial;
DOC-1084;SIN-0431;Fotografías;
DOC-1085;SIN-0432;Peritaje;
DOC-1086;SIN-0432;Parte policial;
DOC-1087;SIN-0432;Denuncia policial;
DOC-1088;SIN-0433;Parte policial;
DOC-1089;SIN-0433;Fotografías del daño;
DOC-1090;SIN-0433;Factura de reparación;
DOC-1091;SIN-0434;Parte policial;
DOC-1092;SIN-0434;Factura de reparación;
DOC-1093;SIN-0435;Peritaje;
DOC-1094;SIN-0435;Denuncia policial;
DOC-1095;SIN-0436;Peritaje;
DOC-1096;SIN-0436;Parte policial;
DOC-1097;SIN-0437;Fotografías del daño;
DOC-1098;SIN-0437;Parte policial;
DOC-1099;SIN-0438;Parte policial;
DOC-1100;SIN-0438;Peritaje;
DOC-1101;SIN-0439;Denuncia policial;
DOC-1102;SIN-0439;Fotografías;
DOC-1103;SIN-0440;Denuncia policial;
DOC-1104;SIN-0440;Fotografías del daño;
DOC-1105;SIN-0441;Fotografías;
DOC-1106;SIN-0441;Informe técnico;
DOC-1107;SIN-0442;Parte policial;
DOC-1108;SIN-0442;Peritaje;
DOC-1109;SIN-0443;Fotografías del daño;
DOC-1110;SIN-0443;Denuncia policial;
DOC-1111;SIN-0444;Peritaje;
DOC-1112;SIN-0444;Factura de reparación;
DOC-1113;SIN-0444;Parte policial;
DOC-1114;SIN-0445;Fotografías;
DOC-1115;SIN-0445;Factura de reparación;
DOC-1116;SIN-0446;Denuncia policial;
DOC-1117;SIN-0446;Factura de reparación;
DOC-1118;SIN-0447;Parte policial;
DOC-1119;SIN-0447;Denuncia policial;
DOC-1120;SIN-0447;Peritaje;
DOC-1121;SIN-0448;Peritaje;
DOC-1122;SIN-0448;Parte policial;
DOC-1123;SIN-0448;Declaración de Accidente;DA_SIN-0448_DOC-1123.pdf
DOC-1124;SIN-0449;Factura hospitalaria;
DOC-1125;SIN-0449;Orden médica;
DOC-1126;SIN-0450;Exámenes;
DOC-1127;SIN-0450;Factura hospitalaria;
DOC-1128;SIN-0450;Orden médica;
DOC-1129;SIN-0451;Denuncia policial;
DOC-1130;SIN-0451;Peritaje;
DOC-1131;SIN-0451;Parte policial;
DOC-1132;SIN-0452;Fotografías;
DOC-1133;SIN-0452;Factura de reparación;
DOC-1134;SIN-0453;Fotografías del daño;
DOC-1135;SIN-0453;Peritaje;
DOC-1136;SIN-0454;Fotografías del daño;
DOC-1137;SIN-0454;Factura de reparación;
DOC-1138;SIN-0454;Peritaje;
DOC-1139;SIN-0455;Exámenes;
DOC-1140;SIN-0455;Historia clínica;
DOC-1141;SIN-0455;Factura hospitalaria;
DOC-1142;SIN-0456;Declaración de Accidente;DA_SIN-0456_DOC-1142.pdf
DOC-1143;SIN-0456;Denuncia policial;
DOC-1144;SIN-0457;Exámenes;
DOC-1145;SIN-0457;Factura hospitalaria;
DOC-1146;SIN-0458;Denuncia policial;
DOC-1147;SIN-0458;Fotografías;
DOC-1148;SIN-0458;Informe técnico;
DOC-1149;SIN-0459;Fotografías del daño;
DOC-1150;SIN-0459;Factura de reparación;
DOC-1151;SIN-0459;Denuncia policial;
DOC-1152;SIN-0460;Factura de reparación;
DOC-1153;SIN-0460;Informe técnico;
DOC-1154;SIN-0460;Denuncia policial;
DOC-1155;SIN-0461;Fotografías;
DOC-1156;SIN-0461;Denuncia policial;
DOC-1157;SIN-0461;Factura de reparación;
DOC-1158;SIN-0462;Peritaje;
DOC-1159;SIN-0462;Fotografías del daño;
DOC-1160;SIN-0463;Orden médica;
DOC-1161;SIN-0463;Historia clínica;
DOC-1162;SIN-0464;Informe técnico;
DOC-1163;SIN-0464;Factura de reparación;
DOC-1164;SIN-0464;Fotografías;
DOC-1165;SIN-0465;Denuncia policial;
DOC-1166;SIN-0465;Fotografías del daño;
DOC-1167;SIN-0466;Peritaje;
DOC-1168;SIN-0466;Denuncia policial;
DOC-1169;SIN-0466;Factura de reparación;
DOC-1170;SIN-0467;Fotografías del daño;
DOC-1171;SIN-0467;Parte policial;
DOC-1172;SIN-0468;Peritaje;
DOC-1173;SIN-0468;Factura de reparación;
DOC-1174;SIN-0469;Factura de reparación;
DOC-1175;SIN-0469;Peritaje;
DOC-1176;SIN-0470;Exámenes;
DOC-1177;SIN-0470;Historia clínica;
DOC-1178;SIN-0471;Denuncia policial;
DOC-1179;SIN-0471;Fotografías;
DOC-1180;SIN-0472;Factura de reparación;
DOC-1181;SIN-0472;Parte policial;
DOC-1182;SIN-0472;Fotografías del daño;
DOC-1183;SIN-0473;Fotografías;
DOC-1184;SIN-0473;Informe técnico;
DOC-1185;SIN-0473;Factura de reparación;
DOC-1186;SIN-0474;Factura de reparación;
DOC-1187;SIN-0474;Denuncia policial;
DOC-1188;SIN-0474;Parte policial;
DOC-1189;SIN-0475;Factura de reparación;
DOC-1190;SIN-0475;Parte policial;
DOC-1191;SIN-0475;Peritaje;
DOC-1192;SIN-0476;Fotografías del daño;
DOC-1193;SIN-0476;Peritaje;
DOC-1194;SIN-0477;Factura de reparación;
DOC-1195;SIN-0477;Parte policial;
DOC-1196;SIN-0477;Fotografías del daño;
DOC-1197;SIN-0478;Peritaje;
DOC-1198;SIN-0478;Parte policial;
DOC-1199;SIN-0479;Factura de reparación;
DOC-1200;SIN-0479;Fotografías del daño;
DOC-1201;SIN-0480;Parte policial;
DOC-1202;SIN-0480;Fotografías del daño;
DOC-1203;SIN-0481;Fotografías del daño;
DOC-1204;SIN-0481;Peritaje;
DOC-1205;SIN-0482;Peritaje;
DOC-1206;SIN-0482;Factura de reparación;
DOC-1207;SIN-0483;Fotografías del daño;
DOC-1208;SIN-0483;Parte policial;
DOC-1209;SIN-0484;Factura de reparación;
DOC-1210;SIN-0484;Parte policial;
DOC-1211;SIN-0485;Denuncia policial;
DOC-1212;SIN-0485;Fotografías del daño;
DOC-1213;SIN-0486;Factura de reparación;
DOC-1214;SIN-0486;Peritaje;
DOC-1215;SIN-0486;Denuncia policial;
DOC-1216;SIN-0487;Factura de reparación;
DOC-1217;SIN-0487;Fotografías del daño;
DOC-1218;SIN-0487;Denuncia policial;
DOC-1219;SIN-0488;Historia clínica;
DOC-1220;SIN-0488;Factura hospitalaria;
DOC-1221;SIN-0488;Orden médica;
DOC-1222;SIN-0489;Factura hospitalaria;
DOC-1223;SIN-0489;Orden médica;
DOC-1224;SIN-0490;Peritaje;
DOC-1225;SIN-0490;Factura de reparación;
DOC-1226;SIN-0491;Peritaje;
DOC-1227;SIN-0491;Factura de reparación;
DOC-1228;SIN-0492;Factura de reparación;
DOC-1229;SIN-0492;Informe técnico;
DOC-1230;SIN-0493;Denuncia policial;
DOC-1231;SIN-0493;Peritaje;
DOC-1232;SIN-0494;Parte policial;
DOC-1233;SIN-0494;Peritaje;
DOC-1234;SIN-0495;Peritaje;
DOC-1235;SIN-0495;Fotografías del daño;
DOC-1236;SIN-0495;Parte policial;
DOC-1237;SIN-0496;Factura de reparación;
DOC-1238;SIN-0496;Parte policial;
DOC-1239;SIN-0496;Fotografías del daño;
DOC-1240;SIN-0497;Fotografías;
DOC-1241;SIN-0497;Informe técnico;
DOC-1242;SIN-0498;Parte policial;
DOC-1243;SIN-0498;Peritaje;
DOC-1244;SIN-0499;Parte policial;
DOC-1245;SIN-0499;Peritaje;
DOC-1246;SIN-0500;Factura de reparación;
DOC-1247;SIN-0500;Parte policial;
DOC-1248;SIN-0500;Peritaje;Muestras_Facturas_Siniestros- SIN-0500
DOC-1249;SIN-0001;Factura;Muestras_Facturas_Siniestros- SIN-0001
DOC-1250;SIN-0003;Factura;Muestras_Facturas_Siniestros- SIN-0003
DOC-1251;SIN-0007;Factura;Muestras_Facturas_Siniestros- SIN-0007
DOC-1252;SIN-0008;Factura;Muestras_Facturas_Siniestros- SIN-0008
DOC-1253;SIN-0010;Factura;Muestras_Facturas_Siniestros- SIN-0010
DOC-1254;SIN-0028;Factura;Muestras_Facturas_Siniestros- SIN-0028
DOC-1255;SIN-0029;Factura;Muestras_Facturas_Siniestros- SIN-0029
DOC-1256;SIN-0030;Factura;Muestras_Facturas_Siniestros- SIN-0030
DOC-1257;SIN-0032;Factura;Muestras_Facturas_Siniestros- SIN-0032
DOC-1258;SIN-0035;Factura;Muestras_Facturas_Siniestros- SIN-0035
DOC-1259;SIN-0004;Factura;Muestras_Facturas_Siniestros- SIN-0004
DOC-1260;SIN-0005;Factura;Muestras_Facturas_Siniestros- SIN-0005
DOC-1261;SIN-0006;Factura;Muestras_Facturas_Siniestros- SIN-0006
DOC-1262;SIN-0009;Factura;Muestras_Facturas_Siniestros- SIN-0009
DOC-1263;SIN-0022;Factura;Muestras_Facturas_Siniestros- SIN-0022